-- phpMyAdmin SQL Dump
-- version 5.1.1
-- https://www.phpmyadmin.net/
--
-- Host: 127.0.0.1
-- Generation Time: Mar 16, 2023 at 07:15 AM
-- Server version: 10.4.22-MariaDB
-- PHP Version: 7.4.27

SET SQL_MODE = "NO_AUTO_VALUE_ON_ZERO";
START TRANSACTION;
SET time_zone = "+00:00";


/*!40101 SET @OLD_CHARACTER_SET_CLIENT=@@CHARACTER_SET_CLIENT */;
/*!40101 SET @OLD_CHARACTER_SET_RESULTS=@@CHARACTER_SET_RESULTS */;
/*!40101 SET @OLD_COLLATION_CONNECTION=@@COLLATION_CONNECTION */;
/*!40101 SET NAMES utf8mb4 */;

--
-- Database: `ticketing_system`
--

-- --------------------------------------------------------

--
-- Table structure for table `company`
--

CREATE TABLE `company` (
  `company_id` int(11) NOT NULL,
  `user_id` int(11) NOT NULL DEFAULT 0,
  `date_created` datetime NOT NULL DEFAULT current_timestamp(),
  `company_name` varchar(100) NOT NULL DEFAULT '0',
  `status` int(11) NOT NULL DEFAULT 0
) ENGINE=InnoDB DEFAULT CHARSET=latin1;

--
-- Dumping data for table `company`
--

INSERT INTO `company` (`company_id`, `user_id`, `date_created`, `company_name`, `status`) VALUES
(4, 44, '2023-02-03 08:13:01', '1-Dragon Visa Consultancy', 0),
(5, 40, '2022-12-20 09:35:20', '1D-Manpower Services, Inc.', 0),
(6, 44, '2023-02-03 08:13:01', '1D-Environmental', 0),
(7, 40, '2023-02-03 08:13:01', '1D-Business Solutions', 0),
(8, 44, '2023-02-03 08:13:01', 'Flashcloud/Dragonfly', 0),
(9, 40, '2023-02-03 08:13:01', '1D Security', 0),
(10, 44, '2023-02-03 08:13:01', 'Fire Dragon', 0),
(11, 40, '2023-02-03 08:13:01', 'Dyn Edge Phil.', 0);

-- --------------------------------------------------------

--
-- Table structure for table `department`
--

CREATE TABLE `department` (
  `department_id` int(11) NOT NULL,
  `user_id` int(11) NOT NULL DEFAULT 0,
  `date_created` datetime NOT NULL DEFAULT current_timestamp(),
  `company_id` int(11) NOT NULL DEFAULT 0,
  `department_name` varchar(100) NOT NULL DEFAULT '0',
  `status` int(11) NOT NULL DEFAULT 0
) ENGINE=InnoDB DEFAULT CHARSET=latin1;

--
-- Dumping data for table `department`
--

INSERT INTO `department` (`department_id`, `user_id`, `date_created`, `company_id`, `department_name`, `status`) VALUES
(1, 40, '2022-12-20 16:56:53', 5, 'HR', 0),
(2, 44, '2022-12-21 13:54:19', 9, 'HR Department', 0),
(3, 40, '2022-12-21 16:38:06', 5, 'Test', 0),
(4, 44, '2022-12-22 11:53:22', 9, 'Test2', 0),
(6, 40, '2022-12-23 14:45:36', 9, 'IT', 0),
(7, 44, '2022-12-27 09:22:26', 5, '15', 1),
(8, 40, '2023-01-10 15:33:32', 15, 'service', 0),
(108, 40, '2023-03-10 13:46:09', 4, 'Sales', 0),
(109, 40, '2023-03-10 13:46:30', 11, 'IT', 0),
(110, 40, '2023-03-10 13:46:51', 7, 'HR', 0),
(111, 40, '2023-03-10 13:47:15', 9, 'Marketing', 0);

-- --------------------------------------------------------

--
-- Table structure for table `device_type`
--

CREATE TABLE `device_type` (
  `device_type_id` int(11) NOT NULL,
  `device_type_name` varchar(100) NOT NULL,
  `date_created` timestamp NOT NULL DEFAULT current_timestamp() ON UPDATE current_timestamp(),
  `user_id` int(11) NOT NULL DEFAULT 0,
  `status` int(11) DEFAULT 0,
  `date_modified` datetime NOT NULL DEFAULT '1000-01-01 00:00:00',
  `modified_by` int(11) NOT NULL DEFAULT 0
) ENGINE=InnoDB DEFAULT CHARSET=utf8mb4;

--
-- Dumping data for table `device_type`
--

INSERT INTO `device_type` (`device_type_id`, `device_type_name`, `date_created`, `user_id`, `status`, `date_modified`, `modified_by`) VALUES
(145, 'Laptop', '2023-03-16 01:26:50', 40, 1, '2023-03-16 09:26:50', 40),
(146, 'Wireless Mouse', '2023-03-10 06:44:34', 40, 1, '1000-01-01 00:00:00', 0),
(147, 'Mouse', '2023-03-15 00:27:17', 40, 1, '2023-03-15 08:27:17', 40),
(148, 'Keyboard', '2023-03-15 06:40:15', 40, 1, '2023-03-15 14:40:15', 40),
(149, 'Windows 10', '2023-03-15 00:28:37', 40, 1, '2023-03-15 08:28:37', 40),
(150, 'Monitor', '2023-03-15 00:30:52', 40, 1, '1000-01-01 00:00:00', 0),
(151, 'Telephone', '2023-03-15 00:41:30', 40, 1, '1000-01-01 00:00:00', 0),
(152, 'DOME CCTV', '2023-03-15 00:45:09', 40, 1, '1000-01-01 00:00:00', 0),
(153, 'NETWORK VIDEO RECORDER(NVR)', '2023-03-15 00:47:22', 40, 1, '1000-01-01 00:00:00', 0),
(154, 'SYSTEM UNIT', '2023-03-15 00:50:01', 40, 1, '1000-01-01 00:00:00', 0),
(155, 'test', '2023-03-15 05:48:35', 40, 1, '1000-01-01 00:00:00', 0),
(156, 'testtt', '2023-03-15 05:48:49', 40, 1, '1000-01-01 00:00:00', 0),
(157, 'Tumbler', '2023-03-16 02:18:28', 40, 1, '1000-01-01 00:00:00', 0);

-- --------------------------------------------------------

--
-- Table structure for table `employee`
--

CREATE TABLE `employee` (
  `employee_id` int(11) NOT NULL,
  `firstname` varchar(100) NOT NULL DEFAULT '0',
  `lastname` varchar(100) NOT NULL DEFAULT '0',
  `date_created` datetime NOT NULL DEFAULT '1000-01-01 00:00:00',
  `company_id` int(11) NOT NULL DEFAULT 0,
  `department_id` int(11) NOT NULL DEFAULT 0,
  `tel_local_id` int(11) NOT NULL DEFAULT 0,
  `status` int(11) NOT NULL DEFAULT 0,
  `user_id` int(11) NOT NULL DEFAULT 0,
  `date_modified` datetime NOT NULL DEFAULT '1000-01-01 00:00:00',
  `modified_by` int(11) NOT NULL DEFAULT 0
) ENGINE=InnoDB DEFAULT CHARSET=utf8mb4;

--
-- Dumping data for table `employee`
--

INSERT INTO `employee` (`employee_id`, `firstname`, `lastname`, `date_created`, `company_id`, `department_id`, `tel_local_id`, `status`, `user_id`, `date_modified`, `modified_by`) VALUES
(56, 'Jim', 'Kabronete', '2023-03-10 13:50:41', 4, 108, 26, 1, 40, '2023-03-14 14:17:09', 40),
(59, 'Selena', 'Gomez', '2023-03-14 11:16:05', 5, 3, 30, 1, 40, '2023-03-14 11:16:43', 40),
(67, 'Bobby', 'Madrona', '2023-03-15 08:23:52', 11, 109, 28, 1, 40, '2023-03-15 08:24:09', 40),
(68, 'Eddie', 'Madrona', '2023-03-15 08:49:10', 11, 109, 25, 1, 40, '1000-01-01 00:00:00', 0),
(69, 'Jasper', 'Lacanlale', '2023-03-15 08:49:32', 11, 109, 0, 1, 40, '2023-03-16 09:28:05', 40),
(70, 'Rommel', 'Alonte', '2023-03-15 08:49:47', 11, 109, 0, 1, 40, '1000-01-01 00:00:00', 0),
(71, 'Justine', 'Alonte', '2023-03-15 14:29:02', 4, 108, 32, 1, 40, '2023-03-15 14:29:48', 40),
(72, 'Kenneth', 'Ontucan', '2023-03-16 08:34:40', 11, 109, 33, 1, 40, '1000-01-01 00:00:00', 0);

-- --------------------------------------------------------

--
-- Table structure for table `employee_asset`
--

CREATE TABLE `employee_asset` (
  `employee_asset_id` int(11) NOT NULL,
  `employee_id` int(11) NOT NULL DEFAULT 0,
  `asset_id` int(11) NOT NULL DEFAULT 0,
  `date_created` datetime NOT NULL DEFAULT '1000-01-01 00:00:00',
  `user_id` int(11) NOT NULL DEFAULT 0,
  `status` int(11) NOT NULL DEFAULT 0
) ENGINE=InnoDB DEFAULT CHARSET=utf8mb4;

--
-- Dumping data for table `employee_asset`
--

INSERT INTO `employee_asset` (`employee_asset_id`, `employee_id`, `asset_id`, `date_created`, `user_id`, `status`) VALUES
(326, 68, 117, '2023-03-15 08:52:59', 40, 0),
(327, 69, 118, '2023-03-15 08:52:59', 40, 0),
(329, 71, 119, '2023-03-15 14:37:07', 40, 0),
(330, 71, 120, '2023-03-15 14:37:07', 40, 0),
(331, 71, 121, '2023-03-15 14:37:07', 40, 0);

-- --------------------------------------------------------

--
-- Table structure for table `it_asset`
--

CREATE TABLE `it_asset` (
  `asset_id` int(11) NOT NULL,
  `device_type_id` int(11) NOT NULL DEFAULT 0,
  `device_name` varchar(100) NOT NULL DEFAULT '0',
  `brand` varchar(100) NOT NULL DEFAULT '0',
  `des_mod_rem` varchar(100) NOT NULL DEFAULT '0',
  `serial_number` varchar(100) NOT NULL DEFAULT '0',
  `product_number` varchar(100) NOT NULL DEFAULT '0',
  `supplier_id` int(11) NOT NULL DEFAULT 0,
  `date_acquired` date NOT NULL DEFAULT '1000-01-01',
  `warranty_date` date NOT NULL DEFAULT '1000-01-01',
  `unit_price` int(11) NOT NULL DEFAULT 0,
  `date_created` datetime NOT NULL DEFAULT '1000-01-01 00:00:00',
  `user_id` int(11) NOT NULL DEFAULT 0,
  `modified_by` int(11) NOT NULL DEFAULT 0,
  `date_modified` datetime NOT NULL DEFAULT '1000-01-01 00:00:00',
  `status` int(11) NOT NULL DEFAULT 0
) ENGINE=InnoDB DEFAULT CHARSET=utf8mb4;

--
-- Dumping data for table `it_asset`
--

INSERT INTO `it_asset` (`asset_id`, `device_type_id`, `device_name`, `brand`, `des_mod_rem`, `serial_number`, `product_number`, `supplier_id`, `date_acquired`, `warranty_date`, `unit_price`, `date_created`, `user_id`, `modified_by`, `date_modified`, `status`) VALUES
(109, 146, 'MS0001', 'HP', 'HAS-A015M', '7CH14884BK', '43N04AA', 38, '2023-03-10', '2023-03-21', 520, '2023-03-10 14:46:49', 40, 40, '2023-03-14 14:10:25', 0),
(110, 147, 'MS0002', 'HP', 'HAS-A015M', '7CH14884BG', '43N04AA', 38, '2023-03-10', '2023-03-07', 520, '2023-03-10 14:46:49', 40, 40, '2023-03-14 14:10:26', 0),
(111, 145, 'DRN0019', 'ASUS', 'ROG', 'MP28TA1Q', '', 39, '2023-03-10', '2023-03-22', 30000, '2023-03-10 14:46:49', 40, 40, '2023-03-14 14:57:59', 0),
(112, 150, 'DRD0105', 'Samsung', '24\"/S24F350FHE', 'CXS8H4ZT400537', '', 39, '2022-05-30', '2023-05-30', 8200, '2023-03-15 08:44:33', 40, 0, '1000-01-01 00:00:00', 0),
(113, 150, 'DRD0106', 'Samsung', '24\"/S24F350FHE', 'CXS8H4ZT201680', '', 39, '2022-05-30', '2023-05-30', 8200, '2023-03-15 08:44:33', 40, 0, '1000-01-01 00:00:00', 0),
(117, 154, 'DRD0049', 'Lenovo', 'Windows 10', 'CSX8H4ZRB00264J', '', 39, '2023-03-15', '2024-03-15', 15000, '2023-03-15 08:52:59', 40, 0, '1000-01-01 00:00:00', 1),
(118, 154, 'DRD0075', 'Lenovo', 'Windows 10', '2143LV00Z6B9', '', 39, '2023-03-15', '2024-03-15', 15000, '2023-03-15 08:52:59', 40, 0, '1000-01-01 00:00:00', 1),
(119, 150, 'MN001', 'Samsung', '24 inches', 'KJGDOP2321', '', 39, '2023-03-15', '2023-03-14', 8000, '2023-03-15 14:37:07', 40, 0, '1000-01-01 00:00:00', 1),
(120, 148, 'KY001', 'Logitect', '52 keys', 'JKLH1DFOA', '', 39, '2023-03-15', '2023-04-05', 800, '2023-03-15 14:37:07', 40, 0, '1000-01-01 00:00:00', 1),
(121, 147, 'MS001', 'Rapoo', 'Mechanical', 'HGF124HGF', '', 39, '2023-03-15', '2023-04-04', 500, '2023-03-15 14:37:07', 40, 0, '1000-01-01 00:00:00', 1),
(122, 153, 'DRN001', 'Apple', '123', '8CG150FMT1', '', 42, '2023-03-16', '2023-03-16', 1444, '2023-03-16 10:38:13', 40, 0, '1000-01-01 00:00:00', 0),
(123, 153, 'DRN002', 'Apple', '123', '8CG150FMT1', '', 42, '2023-03-16', '2023-03-16', 1444, '2023-03-16 10:38:13', 40, 0, '1000-01-01 00:00:00', 0),
(124, 153, 'DRN003', 'Apple', '123', '8CG150FMT1', '', 42, '2023-03-16', '2023-03-16', 1444, '2023-03-16 10:38:13', 40, 0, '1000-01-01 00:00:00', 0),
(126, 152, 'DRN005', 'apple', 'Apple', '8CG150FMT2', '', 42, '2023-03-16', '2023-03-16', 122, '2023-03-16 10:41:47', 40, 0, '1000-01-01 00:00:00', 0),
(127, 148, 'DRN008', '123', '123', '8CG150FMT3', '', 42, '2023-03-16', '2023-03-16', 12312, '2023-03-16 10:46:16', 40, 0, '1000-01-01 00:00:00', 0),
(128, 148, 'dRN011', '123', '123', '8CG150FMT4', '', 42, '2023-03-16', '2023-03-16', 12312, '2023-03-16 10:48:42', 40, 0, '1000-01-01 00:00:00', 0),
(129, 148, 'DRN015', '12312', '123', '8CG150FMT5', '', 42, '2023-03-16', '2023-03-16', 123, '2023-03-16 10:55:42', 40, 0, '1000-01-01 00:00:00', 0),
(130, 148, 'DRN017', '123', 'ASD', '8CG150FMT6', '', 42, '2023-03-16', '2023-03-16', 123, '2023-03-16 11:01:48', 40, 0, '1000-01-01 00:00:00', 0),
(131, 148, 'dRD001', '123', 'TEST', '8CG150FMT8', '', 42, '2023-03-16', '2023-03-16', 123, '2023-03-16 11:23:04', 40, 0, '1000-01-01 00:00:00', 0),
(132, 148, 'DRD004', '123', 'ASD', 'ADSS', '', 46, '2023-03-16', '2023-03-16', 123, '2023-03-16 11:24:40', 40, 0, '1000-01-01 00:00:00', 0),
(133, 148, 'dRD005', '123', '123', '1233', '', 46, '2023-03-16', '2023-03-16', 123, '2023-03-16 11:29:50', 40, 0, '1000-01-01 00:00:00', 0),
(134, 148, 'DRD008', '123', '123', '231', '', 45, '2023-03-16', '2023-03-29', 132, '2023-03-16 11:31:44', 40, 0, '1000-01-01 00:00:00', 0),
(135, 148, 'DRD0010', '123', '123', '321321', '', 45, '2023-03-16', '2023-03-16', 123, '2023-03-16 11:31:44', 40, 0, '1000-01-01 00:00:00', 0),
(136, 148, 'ASD111', '123', '123', '54654', '123', 46, '2023-03-16', '2023-03-16', 123, '2023-03-16 11:32:26', 40, 0, '1000-01-01 00:00:00', 0);

-- --------------------------------------------------------

--
-- Table structure for table `supplier`
--

CREATE TABLE `supplier` (
  `supplier_id` int(11) NOT NULL,
  `supplier_name` varchar(100) NOT NULL DEFAULT '0',
  `date_created` datetime NOT NULL DEFAULT '1000-01-01 00:00:00',
  `status` int(11) NOT NULL DEFAULT 0,
  `user_id` int(11) NOT NULL DEFAULT 0,
  `date_modified` datetime NOT NULL DEFAULT '1000-01-01 00:00:00',
  `modified_by` int(11) NOT NULL DEFAULT 0
) ENGINE=InnoDB DEFAULT CHARSET=utf8mb4;

--
-- Dumping data for table `supplier`
--

INSERT INTO `supplier` (`supplier_id`, `supplier_name`, `date_created`, `status`, `user_id`, `date_modified`, `modified_by`) VALUES
(37, 'c/o Sir Felix(MalaysiaA)', '2023-03-10 14:45:17', 1, 40, '2023-03-16 09:46:50', 40),
(38, 'Easy PC', '2023-03-10 14:45:33', 1, 40, '2023-03-13 09:25:25', 40),
(39, 'PC Express', '2023-03-10 14:45:47', 1, 40, '2023-03-13 09:26:43', 40),
(40, 'Lazada', '2023-03-10 14:46:13', 1, 40, '1000-01-01 00:00:00', 0),
(41, 'Shopeee', '1000-01-01 00:00:00', 1, 40, '2023-03-14 15:00:55', 40),
(42, 'Amazon', '1000-01-01 00:00:00', 1, 40, '2023-03-15 08:26:46', 40),
(43, 'OPNETWORKS Inc.', '2023-03-15 08:45:38', 1, 40, '1000-01-01 00:00:00', 0),
(44, 'Sari-sari storee', '1000-01-01 00:00:00', 1, 40, '2023-03-16 09:15:29', 40),
(45, 'ATVV', '2023-03-16 09:16:59', 1, 40, '2023-03-16 09:25:47', 40),
(46, 'Apple', '2023-03-16 10:02:11', 1, 40, '1000-01-01 00:00:00', 0),
(47, 'Easy PC', '2023-03-16 10:04:15', 1, 40, '1000-01-01 00:00:00', 0),
(48, 'Lazada', '2023-03-16 10:04:24', 1, 40, '1000-01-01 00:00:00', 0),
(49, 'Mamiya', '2023-03-16 10:10:34', 1, 40, '1000-01-01 00:00:00', 0),
(50, 'Mamita', '2023-03-16 10:11:32', 1, 40, '1000-01-01 00:00:00', 0),
(51, 'Papita', '2023-03-16 10:11:48', 1, 40, '1000-01-01 00:00:00', 0);

-- --------------------------------------------------------

--
-- Table structure for table `system_application`
--

CREATE TABLE `system_application` (
  `sa_id` int(11) NOT NULL,
  `sa_name` varchar(100) NOT NULL DEFAULT '0',
  `sa_created_by` int(11) NOT NULL DEFAULT 0,
  `sa_created_date` timestamp NOT NULL DEFAULT current_timestamp() ON UPDATE current_timestamp(),
  `sa_modified_by` int(11) NOT NULL DEFAULT 0,
  `sa_modified_date` datetime NOT NULL DEFAULT '1000-01-01 00:00:00',
  `sa_status` int(1) NOT NULL DEFAULT 0
) ENGINE=InnoDB DEFAULT CHARSET=latin1;

--
-- Dumping data for table `system_application`
--

INSERT INTO `system_application` (`sa_id`, `sa_name`, `sa_created_by`, `sa_created_date`, `sa_modified_by`, `sa_modified_date`, `sa_status`) VALUES
(1, 'All tickets', 40, '2023-01-03 05:45:52', 40, '2023-01-03 13:59:44', 1),
(2, 'Pending Ticket', 40, '2023-01-03 05:45:52', 40, '2023-01-03 13:26:42', 1),
(3, 'Closed Ticket', 40, '2023-01-03 05:45:52', 40, '2023-01-03 13:26:51', 1),
(4, 'Department', 40, '2023-01-03 05:45:52', 40, '2023-01-03 13:58:00', 1),
(5, 'Company', 40, '2023-01-03 05:45:52', 31, '2023-01-03 14:09:33', 1),
(7, 'All Users', 40, '2023-01-03 05:45:52', 31, '2023-01-03 14:09:36', 1),
(8, 'Waiting For Approval', 40, '2023-01-03 05:45:52', 0, '1000-01-01 00:00:00', 1),
(19, 'System Application', 40, '2023-01-16 00:26:43', 40, '2023-01-16 08:28:47', 1),
(20, 'User Access Rights', 40, '2023-01-16 00:27:04', 40, '2023-01-16 08:28:28', 1),
(25, 'Employee', 40, '2023-02-14 02:30:29', 0, '1000-01-01 00:00:00', 1),
(26, 'Local Telephone Directory', 40, '2023-02-14 02:31:10', 0, '1000-01-01 00:00:00', 1),
(27, 'External Telephone Directory', 40, '2023-02-14 02:31:27', 0, '1000-01-01 00:00:00', 1),
(28, 'Local Telephone', 40, '2023-02-17 01:21:33', 0, '1000-01-01 00:00:00', 1);

-- --------------------------------------------------------

--
-- Table structure for table `tel_external_directory`
--

CREATE TABLE `tel_external_directory` (
  `tel_ex_id` int(11) NOT NULL,
  `tel_external` varchar(100) NOT NULL,
  `reception_id` int(11) NOT NULL DEFAULT 0,
  `class_of_service` int(11) DEFAULT 0,
  `company_id` int(11) NOT NULL DEFAULT 0,
  `date_created` datetime NOT NULL DEFAULT '1000-01-01 00:00:00',
  `user_id` int(11) NOT NULL DEFAULT 0,
  `status` int(11) NOT NULL DEFAULT 0,
  `date_modified` datetime NOT NULL DEFAULT '1000-01-01 00:00:00',
  `modified_by` int(11) NOT NULL DEFAULT 0
) ENGINE=InnoDB DEFAULT CHARSET=utf8mb4;

--
-- Dumping data for table `tel_external_directory`
--

INSERT INTO `tel_external_directory` (`tel_ex_id`, `tel_external`, `reception_id`, `class_of_service`, `company_id`, `date_created`, `user_id`, `status`, `date_modified`, `modified_by`) VALUES
(23, '+63282428589', 1, 801, 4, '2023-03-13 11:09:02', 40, 1, '2023-03-14 14:12:02', 40),
(24, '+63287166960', 2, 801, 4, '2023-03-14 09:55:21', 40, 1, '1000-01-01 00:00:00', 0),
(25, '+63282563874', 3, 801, 4, '2023-03-14 11:01:32', 40, 1, '1000-01-01 00:00:00', 0),
(26, '+63284216677', 4, 802, 5, '2023-03-14 11:01:52', 40, 1, '1000-01-01 00:00:00', 0),
(27, '+63284214419', 5, 802, 6, '2023-03-14 11:02:22', 40, 1, '1000-01-01 00:00:00', 0),
(28, '+63283711215', 6, 802, 7, '2023-03-14 11:02:52', 40, 1, '1000-01-01 00:00:00', 0),
(29, '+63282869467', 7, 803, 8, '2023-03-14 11:03:20', 40, 1, '1000-01-01 00:00:00', 0),
(30, '+63282550286', 9, 804, 9, '2023-03-14 11:03:46', 40, 1, '1000-01-01 00:00:00', 0),
(31, '+63282550273', 10, 804, 10, '2023-03-14 11:04:07', 40, 1, '1000-01-01 00:00:00', 0),
(34, '+63282550317', 11, 805, 11, '2023-03-15 09:06:25', 40, 1, '1000-01-01 00:00:00', 0);

-- --------------------------------------------------------

--
-- Table structure for table `tel_local_directory`
--

CREATE TABLE `tel_local_directory` (
  `tel_local_id` int(11) NOT NULL,
  `user_id` int(11) NOT NULL DEFAULT 0,
  `tel_local` varchar(100) NOT NULL DEFAULT '0',
  `date_created` datetime NOT NULL DEFAULT '1000-01-01 00:00:00',
  `date_modified` datetime NOT NULL DEFAULT '1000-01-01 00:00:00',
  `modified_by` int(11) NOT NULL DEFAULT 0,
  `status` int(11) NOT NULL DEFAULT 0
) ENGINE=InnoDB DEFAULT CHARSET=utf8mb4;

--
-- Dumping data for table `tel_local_directory`
--

INSERT INTO `tel_local_directory` (`tel_local_id`, `user_id`, `tel_local`, `date_created`, `date_modified`, `modified_by`, `status`) VALUES
(25, 40, 'L129', '2023-03-13 11:27:48', '2023-03-14 14:08:20', 40, 1),
(26, 40, 'L456', '2023-03-13 11:29:02', '2023-03-14 10:17:17', 40, 1),
(30, 40, 'L149', '2023-03-14 11:14:43', '2023-03-14 11:16:20', 40, 1),
(32, 40, 'L106', '2023-03-15 14:29:14', '2023-03-15 14:29:48', 40, 1),
(33, 40, 'L401', '2023-03-16 08:34:03', '2023-03-16 08:39:35', 40, 1),
(34, 40, 'L300', '2023-03-16 09:08:35', '2023-03-16 09:08:52', 40, 0);

-- --------------------------------------------------------

--
-- Table structure for table `ticket`
--

CREATE TABLE `ticket` (
  `ticket_id` int(11) NOT NULL DEFAULT 0,
  `user_id` int(11) NOT NULL DEFAULT 0,
  `ticket_year` int(4) NOT NULL DEFAULT 0,
  `ticket_number` int(10) NOT NULL DEFAULT 0,
  `company_id` int(11) NOT NULL DEFAULT 0,
  `department_id` int(11) NOT NULL DEFAULT 0,
  `date_created` datetime NOT NULL DEFAULT '1000-01-01 00:00:00',
  `subject` varchar(100) NOT NULL DEFAULT '0',
  `ticket_description` varchar(150) NOT NULL DEFAULT '0',
  `message` varchar(150) NOT NULL DEFAULT '0',
  `file_uploaded` varchar(100) NOT NULL DEFAULT '0',
  `priority` int(1) NOT NULL DEFAULT 0,
  `assigned_to` int(11) NOT NULL DEFAULT 0,
  `status` int(11) NOT NULL DEFAULT 0,
  `closed_by` int(11) NOT NULL DEFAULT 0,
  `date_closed` datetime NOT NULL DEFAULT '1000-01-01 00:00:00'
) ENGINE=InnoDB DEFAULT CHARSET=latin1;

--
-- Dumping data for table `ticket`
--

INSERT INTO `ticket` (`ticket_id`, `user_id`, `ticket_year`, `ticket_number`, `company_id`, `department_id`, `date_created`, `subject`, `ticket_description`, `message`, `file_uploaded`, `priority`, `assigned_to`, `status`, `closed_by`, `date_closed`) VALUES
(144, 61, 2023, 26, 9, 73, '2023-01-09 10:17:16', 'late', 'late', 'late', '0', 3, 62, 1, 40, '1000-01-01 00:00:00'),
(145, 61, 2023, 27, 9, 73, '2023-01-09 10:35:46', '12', '12', '12', '0', 3, 54, 0, 0, '1000-01-01 00:00:00'),
(146, 61, 2023, 28, 9, 73, '2023-01-09 10:51:51', 'lat', 'lat', 'lat', '0', 0, 40, 0, 0, '1000-01-01 00:00:00'),
(147, 61, 2023, 29, 9, 73, '2023-01-09 11:01:18', 'sunny', 'sunny', 'sunny', '0', 0, 62, 0, 40, '1000-01-01 00:00:00'),
(148, 61, 2023, 30, 9, 73, '2023-01-09 11:12:31', 'sun', 'sun', 'sun', '0', 1, 54, 0, 0, '1000-01-01 00:00:00'),
(149, 61, 2023, 31, 9, 73, '2023-01-09 11:16:51', 'su', 'su', 'su', '0', 1, 44, 0, 0, '1000-01-01 00:00:00'),
(157, 61, 2023, 39, 9, 73, '2023-01-09 14:11:26', 'cas', 'dcas', 'dcasd', '0', 2, 54, 0, 0, '1000-01-01 00:00:00'),
(162, 61, 2023, 44, 9, 73, '2023-01-11 10:28:31', 'user', 'user', 'user', '0', 1, 62, 1, 40, '1000-01-01 00:00:00'),
(163, 61, 2023, 45, 9, 73, '2023-01-12 08:42:42', 'jan12', 'jan12', 'jan12', '0', 0, 40, 0, 0, '1000-01-01 00:00:00'),
(165, 61, 2023, 47, 9, 73, '2023-01-16 11:49:46', 'Sample Subject', 'Sample Description ', 'Sample Message Test', '0', 0, 40, 0, 0, '1000-01-01 00:00:00'),
(166, 60, 2023, 48, 5, 73, '2023-01-16 16:11:16', 'PC wont open', 'Di nagbukas nakasaksak naman lahat?', 'Natamaan ata nung nagwalis, pag tayo ko', '0', 0, 40, 0, 0, '1000-01-01 00:00:00'),
(167, 60, 2023, 49, 5, 73, '2023-01-16 16:12:24', 'Test Subject', 'Test Description', 'Test Message', '0', 0, 40, 1, 40, '1000-01-01 00:00:00'),
(168, 60, 2023, 50, 5, 73, '2023-01-16 16:37:20', 'Sample Subject', 'Sample Description', 'Sample Message', '0', 0, 40, 0, 0, '1000-01-01 00:00:00'),
(169, 60, 2023, 51, 5, 73, '2023-01-16 16:39:40', 'PC wont turn on', 'Room 606, PC wont turn on', 'My PC suddenly stop and the screen turned blue', '0', 0, 40, 0, 0, '1000-01-01 00:00:00'),
(170, 40, 2023, 52, 9, 73, '2023-01-25 08:54:21', 'Test', 'Test', 'Test', '0', 0, 40, 0, 0, '1000-01-01 00:00:00'),
(171, 40, 2023, 53, 9, 73, '2023-01-25 09:51:03', 'acs', 'cas', 'asc', '0', 0, 40, 0, 0, '1000-01-01 00:00:00'),
(172, 61, 2023, 54, 9, 73, '2023-01-25 11:08:01', 'WE', 'WE', 'WE', '0', 0, 40, 0, 0, '1000-01-01 00:00:00'),
(175, 40, 2023, 57, 9, 73, '2023-01-25 11:34:48', 'casd', 'casd', 'casd', '0', 0, 40, 0, 0, '1000-01-01 00:00:00'),
(176, 61, 2023, 58, 9, 73, '2023-01-27 13:57:46', 'asd', 'sadf', 'dsdfs', '0', 2, 44, 0, 0, '1000-01-01 00:00:00'),
(177, 40, 2023, 59, 9, 73, '2023-01-27 14:17:19', 'xdas', 'xasd', 'xasd', '0', 0, 40, 0, 0, '1000-01-01 00:00:00'),
(178, 40, 2023, 60, 9, 73, '2023-01-27 14:20:31', 'fvas', 'vads', 'vas df', '0', 0, 40, 0, 0, '1000-01-01 00:00:00'),
(179, 40, 2023, 61, 9, 73, '2023-01-28 10:52:23', 'x', 'x', 'x', '0', 0, 40, 0, 0, '1000-01-01 00:00:00'),
(180, 40, 2023, 62, 9, 73, '2023-01-28 12:05:44', 'z', 'z', 'z', '0', 0, 40, 0, 0, '1000-01-01 00:00:00'),
(181, 40, 2023, 63, 9, 73, '2023-01-28 12:07:24', 'xa', 'xa', 'xa', '0', 0, 40, 0, 0, '1000-01-01 00:00:00'),
(182, 40, 2023, 64, 9, 73, '2023-01-28 13:20:59', 'asd', 'v', 'v', '0', 0, 40, 0, 0, '1000-01-01 00:00:00'),
(183, 40, 2023, 65, 9, 73, '2023-01-28 13:22:02', 'Subject', 'x', 'x', '0', 0, 40, 0, 0, '1000-01-01 00:00:00'),
(184, 40, 2023, 66, 9, 73, '2023-01-28 13:22:45', 'test', 'sda', 'dsa', '0', 0, 40, 0, 0, '1000-01-01 00:00:00'),
(185, 40, 2023, 67, 9, 73, '2023-01-30 09:53:57', 'asdas', 'asd', 'asd', '0', 0, 40, 0, 0, '1000-01-01 00:00:00'),
(186, 61, 2023, 68, 9, 73, '2023-01-30 09:54:07', 'ASDASDASDASDASD', 'asd', 'asd', '0', 0, 40, 0, 0, '1000-01-01 00:00:00'),
(187, 40, 2023, 69, 9, 73, '2023-01-30 11:40:30', 'Subject TOday', 'Descriptiion Today', 'Message Today', '0', 0, 40, 0, 0, '1000-01-01 00:00:00'),
(188, 61, 2023, 70, 9, 73, '2023-01-30 11:41:28', 'q', 'q', 'q', '0', 0, 40, 0, 0, '1000-01-01 00:00:00'),
(189, 61, 2023, 71, 9, 73, '2023-01-30 11:41:51', 'w', 'w', 'w', '0', 1, 40, 0, 0, '1000-01-01 00:00:00'),
(190, 61, 2023, 72, 9, 73, '2023-01-30 11:53:27', 'z', 'z', 'z', '0', 0, 40, 0, 0, '1000-01-01 00:00:00'),
(191, 61, 2023, 73, 9, 73, '2023-01-30 11:53:50', 'g', 'g', 'g', '0', 0, 40, 0, 0, '1000-01-01 00:00:00'),
(192, 40, 2023, 74, 9, 73, '2023-01-30 12:00:45', 'n', 'n', 'n', '0', 0, 40, 0, 0, '1000-01-01 00:00:00'),
(193, 40, 2023, 75, 9, 73, '2023-01-30 12:47:53', 'h', 'h', 'h', '0', 0, 40, 0, 0, '1000-01-01 00:00:00'),
(194, 40, 2023, 76, 9, 73, '2023-01-30 12:48:14', 'h', 'h', 'h', '0', 0, 40, 0, 0, '1000-01-01 00:00:00'),
(195, 61, 2023, 77, 9, 73, '2023-01-30 12:48:58', 'ss', 's', 's', '0', 0, 40, 0, 0, '1000-01-01 00:00:00');

-- --------------------------------------------------------

--
-- Table structure for table `ticket_document`
--

CREATE TABLE `ticket_document` (
  `td_id` int(11) NOT NULL,
  `ticket_id` int(11) NOT NULL DEFAULT 0,
  `user_id` int(11) NOT NULL DEFAULT 0,
  `company_id` int(11) NOT NULL DEFAULT 0,
  `department_id` int(11) NOT NULL DEFAULT 0,
  `td_number` int(10) NOT NULL DEFAULT 0,
  `td_created_by` varchar(40) NOT NULL DEFAULT '0',
  `td_created_date` datetime NOT NULL DEFAULT '1000-01-01 00:00:00',
  `doc_directory` varchar(255) NOT NULL DEFAULT '0',
  `doc_name` varchar(255) NOT NULL DEFAULT '0',
  `doc_type` varchar(10) NOT NULL DEFAULT '0'
) ENGINE=InnoDB DEFAULT CHARSET=latin1;

--
-- Dumping data for table `ticket_document`
--

INSERT INTO `ticket_document` (`td_id`, `ticket_id`, `user_id`, `company_id`, `department_id`, `td_number`, `td_created_by`, `td_created_date`, `doc_directory`, `doc_name`, `doc_type`) VALUES
(0, 187, 40, 9, 73, 0, '40', '2023-01-30 11:40:30', 'ticket/40202369-Tree.png', '40202369-Tree', 'png'),
(22, 176, 61, 9, 73, 0, '61', '2023-01-27 13:57:46', 'ticket/61202358-20483738.jpg', '61202358-20483738', 'jpg'),
(72, 148, 61, 9, 73, 0, '61', '2023-01-09 04:12:31', 'ticket/61202330-sunny.png', '61202330-sunny', 'png'),
(73, 149, 61, 9, 73, 0, '61', '2023-01-09 04:16:51', 'ticket/61202331-sunny.png', '61202331-sunny', 'png'),
(74, 152, 61, 9, 73, 0, '61', '2023-01-09 06:20:50', 'ticket/61202334-sunny.png', '61202334-sunny', 'png'),
(75, 153, 61, 9, 73, 0, '61', '2023-01-09 13:22:43', 'ticket/61202335-sunny.png', '61202335-sunny', 'png'),
(76, 154, 61, 9, 73, 0, '61', '2023-01-09 13:56:18', 'ticket/61202336-sunny.png', '61202336-sunny', 'png'),
(77, 159, 40, 5, 72, 0, '40', '2023-01-09 15:29:00', 'ticket/40202341-sunny.png', '40202341-sunny', 'png'),
(78, 160, 40, 5, 72, 0, '40', '2023-01-09 15:30:52', 'ticket/40202342-latest.png', '40202342-latest', 'png'),
(79, 161, 40, 5, 72, 0, '40', '2023-01-09 15:31:45', 'ticket/40202343-sunny.png', '40202343-sunny', 'png'),
(80, 165, 61, 9, 73, 0, '61', '2023-01-16 11:49:46', 'ticket/61202347-Tree.png', '61202347-Tree', 'png'),
(81, 166, 60, 5, 73, 0, '60', '2023-01-16 13:44:23', 'ticket/60202348-Tree.png', '60202348-Tree', 'png'),
(82, 166, 40, 9, 73, 0, '40', '2023-01-25 08:54:21', 'ticket/40202352-Tree.png', '40202352-Tree', 'png'),
(83, 171, 40, 9, 73, 0, '40', '2023-01-25 09:51:03', 'ticket/40202353-Tree.png', '40202353-Tree', 'png'),
(123, 180, 40, 9, 73, 0, '40', '2023-01-25 11:45:58', 'ticket/40202362-Tree.png', '40202362-Tree', 'png'),
(124, 181, 40, 9, 73, 0, '40', '2023-01-28 12:07:24', 'ticket/40202363-20483738.jpg', '40202363-20483738', 'jpg'),
(125, 183, 40, 9, 73, 0, '40', '2023-01-28 13:22:02', 'ticket/40202365-Tree.png', '40202365-Tree', 'png'),
(126, 184, 40, 9, 73, 0, '40', '2023-01-28 13:22:45', 'ticket/40202366-OR.pdf', '40202366-OR', 'pdf'),
(127, 165, 40, 0, 0, 0, '0', '1000-01-01 00:00:00', 'ticket/402023100-Tree.png', '402023100-Tree', 'png'),
(129, 165, 40, 0, 0, 0, '0', '1000-01-01 00:00:00', 'tickets/402023129-user flow.docx', '402023129-user flow', 'docx'),
(130, 184, 40, 0, 0, 0, '0', '1000-01-01 00:00:00', 'tickets/402023130-jan 04.txt', '402023130-jan 04', 'txt'),
(131, 184, 40, 0, 0, 0, '0', '1000-01-01 00:00:00', 'ticket/402023131-dec 23.txt', '402023131-dec 23', 'txt'),
(133, 184, 40, 0, 0, 0, '0', '1000-01-01 00:00:00', 'ticket/402023133-department.txt', '402023133-department', 'txt'),
(134, 149, 40, 0, 0, 0, '0', '1000-01-01 00:00:00', 'ticket/402023134-dec 23.txt', '402023134-dec 23', 'txt'),
(135, 149, 40, 0, 0, 0, '0', '1000-01-01 00:00:00', 'ticket/402023135-edit ticket sql.txt', '402023135-edit ticket sql', 'txt'),
(136, 149, 40, 0, 0, 0, '0', '1000-01-01 00:00:00', 'ticket/402023136-dec 23.txt', '402023136-dec 23', 'txt'),
(137, 149, 40, 0, 0, 0, '0', '1000-01-01 00:00:00', 'ticket/402023137-dec 23.txt', '402023137-dec 23', 'txt'),
(138, 149, 40, 0, 0, 0, '0', '1000-01-01 00:00:00', 'ticket/402023138-Dec 22.txt', '402023138-Dec 22', 'txt'),
(139, 149, 40, 0, 0, 0, '0', '1000-01-01 00:00:00', 'ticket/402023139-department.txt', '402023139-department', 'txt'),
(140, 149, 40, 0, 0, 0, '0', '1000-01-01 00:00:00', 'ticket/402023140-file uploading.txt', '402023140-file uploading', 'txt'),
(141, 149, 40, 0, 0, 0, '0', '1000-01-01 00:00:00', 'ticket/402023141-edit ticket sql.txt', '402023141-edit ticket sql', 'txt'),
(142, 145, 40, 0, 0, 0, '0', '1000-01-01 00:00:00', 'ticket/402023142-dec 23.txt', '402023142-dec 23', 'txt'),
(143, 186, 40, 0, 0, 0, '0', '1000-01-01 00:00:00', 'ticket/402023143-department.txt', '402023143-department', 'txt'),
(145, 183, 40, 0, 0, 0, '0', '1000-01-01 00:00:00', 'ticket/402023145-jan 12 To-do.txt', '402023145-jan 12 To-do', 'txt'),
(146, 183, 40, 0, 0, 0, '0', '1000-01-01 00:00:00', 'ticket/402023146-additional-revision.txt', '402023146-additional-revision', 'txt'),
(147, 183, 40, 0, 0, 0, '0', '1000-01-01 00:00:00', 'ticket/402023147-continuation.txt', '402023147-continuation', 'txt'),
(148, 183, 40, 0, 0, 0, '0', '1000-01-01 00:00:00', 'ticket/402023148-department.txt', '402023148-department', 'txt'),
(149, 183, 40, 0, 0, 0, '0', '1000-01-01 00:00:00', 'ticket/402023149-department.txt', '402023149-department', 'txt'),
(150, 183, 40, 0, 0, 0, '0', '1000-01-01 00:00:00', 'ticket/402023150-error handling.txt', '402023150-error handling', 'txt'),
(151, 183, 40, 0, 0, 0, '0', '1000-01-01 00:00:00', 'ticket/402023151-dec 23.txt', '402023151-dec 23', 'txt'),
(152, 183, 40, 0, 0, 0, '0', '1000-01-01 00:00:00', 'ticket/402023152-edit ticket sql.txt', '402023152-edit ticket sql', 'txt'),
(153, 183, 40, 0, 0, 0, '0', '1000-01-01 00:00:00', 'ticket/402023153-edit ticket sql.txt', '402023153-edit ticket sql', 'txt'),
(154, 183, 40, 0, 0, 0, '0', '1000-01-01 00:00:00', 'ticket/402023154-file uploading.txt', '402023154-file uploading', 'txt'),
(155, 183, 40, 0, 0, 0, '0', '1000-01-01 00:00:00', 'ticket/40155-department.txt', '40155-department', 'txt'),
(156, 183, 40, 0, 0, 0, '0', '1000-01-01 00:00:00', 'ticket/40156-department.txt', '40156-department', 'txt'),
(157, 183, 40, 0, 0, 0, '0', '1000-01-01 00:00:00', 'ticket/40157-edit ticket sql.txt', '40157-edit ticket sql', 'txt'),
(158, 183, 40, 0, 0, 0, '0', '1000-01-01 00:00:00', 'ticket/40158-OR.pdf', '40158-OR', 'pdf'),
(160, 183, 40, 0, 0, 0, '0', '1000-01-01 00:00:00', 'ticket/402023160-department.txt', '402023160-department', 'txt'),
(161, 146, 61, 0, 0, 0, '0', '1000-01-01 00:00:00', 'ticket/612023161-department.txt', '612023161-department', 'txt'),
(162, 183, 40, 0, 0, 0, '0', '1000-01-01 00:00:00', 'ticket/402023162-edit ticket sql.txt', '402023162-edit ticket sql', 'txt'),
(164, 145, 61, 0, 0, 0, '0', '1000-01-01 00:00:00', 'ticket/612023164-department.txt', '612023164-department', 'txt'),
(165, 145, 40, 0, 0, 0, '0', '1000-01-01 00:00:00', 'ticket/402023165-edit ticket sql.txt', '402023165-edit ticket sql', 'txt'),
(166, 145, 40, 0, 0, 0, '0', '1000-01-01 00:00:00', 'ticket/402023166-department.txt', '402023166-department', 'txt'),
(167, 145, 40, 0, 0, 0, '0', '1000-01-01 00:00:00', 'ticket/402023167-dec 23.txt', '402023167-dec 23', 'txt'),
(168, 145, 40, 0, 0, 0, '0', '1000-01-01 00:00:00', 'ticket/402023168-edit ticket sql.txt', '402023168-edit ticket sql', 'txt'),
(169, 187, 40, 0, 0, 0, '0', '1000-01-01 00:00:00', 'ticket/402023169-department.txt', '402023169-department', 'txt'),
(170, 191, 61, 0, 0, 0, '0', '1000-01-01 00:00:00', 'ticket/612023170-additional-revision.txt', '612023170-additional-revision', 'txt'),
(171, 194, 40, 9, 73, 0, '40', '2023-01-30 12:48:14', 'ticket/40202376-Tree.png', '40202376-Tree', 'png'),
(172, 195, 61, 9, 73, 0, '61', '2023-01-30 12:48:58', 'ticket/61202377-Tree.png', '61202377-Tree', 'png'),
(173, 195, 61, 0, 0, 0, '0', '1000-01-01 00:00:00', 'ticket/612023173-Tree.png', '612023173-Tree', 'png'),
(174, 195, 61, 0, 0, 0, '0', '1000-01-01 00:00:00', 'ticket/612023174-Tree.png', '612023174-Tree', 'png'),
(175, 195, 61, 0, 0, 0, '0', '1000-01-01 00:00:00', 'ticket/612023175-Tree.png', '612023175-Tree', 'png'),
(176, 195, 61, 0, 0, 0, '0', '1000-01-01 00:00:00', 'ticket/612023176-Tree.png', '612023176-Tree', 'png'),
(177, 195, 61, 0, 0, 0, '0', '1000-01-01 00:00:00', 'ticket/612023177-Tree.png', '612023177-Tree', 'png'),
(178, 195, 61, 0, 0, 0, '0', '1000-01-01 00:00:00', 'ticket/612023178-Tree.png', '612023178-Tree', 'png'),
(179, 194, 40, 0, 0, 0, '0', '1000-01-01 00:00:00', 'ticket/402023179-Tree.png', '402023179-Tree', 'png');

-- --------------------------------------------------------

--
-- Table structure for table `ticket_message`
--

CREATE TABLE `ticket_message` (
  `message_id` int(11) NOT NULL,
  `ticket_id` int(11) NOT NULL DEFAULT 0,
  `user_id` int(3) NOT NULL DEFAULT 0,
  `td_id` int(11) NOT NULL DEFAULT 0,
  `message` varchar(255) NOT NULL DEFAULT '0',
  `message_date` datetime NOT NULL DEFAULT '1000-01-01 00:00:00'
) ENGINE=InnoDB DEFAULT CHARSET=latin1;

--
-- Dumping data for table `ticket_message`
--

INSERT INTO `ticket_message` (`message_id`, `ticket_id`, `user_id`, `td_id`, `message`, `message_date`) VALUES
(1, 166, 40, 0, 'test', '0000-00-00 00:00:00'),
(2, 166, 40, 0, 'Sige', '0000-00-00 00:00:00'),
(3, 166, 40, 0, 'Hey', '0000-00-00 00:00:00'),
(4, 166, 60, 82, 'Pupunta ka ba', '0000-00-00 00:00:00'),
(5, 167, 60, 0, 'Test ulit', '0000-00-00 00:00:00'),
(6, 167, 40, 0, 'Test', '0000-00-00 00:00:00'),
(7, 167, 60, 0, 'Test', '0000-00-00 00:00:00'),
(8, 167, 40, 0, 'ASD', '0000-00-00 00:00:00'),
(9, 167, 60, 0, 'test', '2023-01-16 04:34:16'),
(10, 169, 40, 0, 'What are you doing, before that?', '2023-01-16 04:40:23'),
(11, 169, 60, 0, 'Playing online games', '2023-01-16 04:41:22'),
(12, 169, 40, 0, 'Sumbong kita', '2023-01-16 04:41:49'),
(13, 169, 40, 0, 'check', '2023-01-17 10:11:41'),
(96, 169, 60, 0, 'test', '2023-01-18 00:00:00'),
(103, 169, 40, 0, 'we', '2023-01-18 00:00:00'),
(104, 169, 60, 0, 'ew', '2023-01-18 00:00:00'),
(130, 166, 40, 0, 'asd', '2023-01-19 00:00:00'),
(131, 166, 60, 0, 'sige', '2023-01-19 00:00:00'),
(132, 166, 40, 0, 'wait\r\n', '2023-01-19 00:00:00'),
(133, 166, 60, 0, 'wews', '2023-01-19 00:00:00'),
(134, 166, 60, 0, 'Hi', '2023-01-19 00:00:00'),
(135, 166, 40, 0, 'Test', '2023-01-19 00:00:00'),
(136, 166, 40, 0, 'asd', '2023-01-19 00:00:00'),
(137, 166, 60, 0, 'asd', '2023-01-19 00:00:00'),
(138, 166, 60, 0, '!30', '2023-01-19 00:00:00'),
(139, 168, 60, 0, 'Hi', '2023-01-19 00:00:00'),
(140, 168, 40, 0, 'ow', '2023-01-19 00:00:00'),
(141, 166, 40, 0, 'weh', '2023-01-19 00:00:00'),
(142, 166, 60, 0, 'wag', '2023-01-19 00:00:00'),
(143, 166, 40, 0, 'sge', '2023-01-19 00:00:00'),
(144, 147, 40, 0, 'asd', '2023-01-19 00:00:00'),
(145, 144, 40, 0, 'hey', '2023-01-20 00:00:00'),
(146, 144, 61, 0, 'yow', '2023-01-20 00:00:00'),
(147, 161, 40, 0, 'new', '2023-01-20 00:00:00'),
(148, 143, 61, 0, 'Test', '2023-01-20 00:00:00'),
(149, 143, 40, 0, 'Test', '2023-01-20 00:00:00'),
(150, 143, 40, 0, 'test1', '2023-01-20 00:00:00'),
(151, 143, 61, 0, 'test1', '2023-01-20 00:00:00'),
(152, 147, 61, 0, 'Test', '2023-01-20 00:00:00'),
(153, 147, 40, 0, 'Test', '2023-01-20 00:00:00'),
(154, 147, 40, 0, 'Hi', '2023-01-20 00:00:00'),
(157, 144, 40, 0, 'Hello', '2023-01-20 00:00:00'),
(158, 144, 61, 0, 'Hi', '2023-01-20 00:00:00'),
(159, 144, 61, 0, 'paayos pc', '2023-01-20 00:00:00'),
(161, 144, 40, 0, 'wqe', '2023-01-20 00:00:00'),
(162, 144, 40, 0, 'test', '2023-01-20 00:00:00'),
(163, 144, 40, 0, 'aw', '2023-01-20 00:00:00'),
(164, 144, 61, 0, 'ha', '2023-01-20 00:00:00'),
(165, 146, 40, 0, 'Test', '2023-01-20 00:00:00'),
(166, 146, 61, 0, 'Test', '2023-01-20 00:00:00'),
(171, 146, 40, 0, 'haha', '2023-01-23 12:00:38'),
(172, 146, 40, 0, 'Try', '2023-01-23 12:00:51'),
(173, 146, 40, 0, 'Try', '2023-01-23 12:01:01'),
(174, 146, 40, 0, 'sad', '2023-01-23 12:02:11'),
(179, 171, 40, 0, 'dsa', '2023-01-25 09:52:45'),
(180, 147, 40, 0, 'asd', '2023-01-25 09:53:17'),
(181, 160, 40, 0, 'asd', '2023-01-25 09:53:26'),
(182, 160, 40, 0, 'asd', '2023-01-25 09:55:52'),
(187, 148, 40, 0, 's', '2023-01-26 08:27:30'),
(188, 148, 40, 0, 's', '2023-01-26 08:27:33'),
(189, 166, 40, 0, 'Test', '2023-01-26 10:11:55'),
(190, 166, 40, 0, 'sad', '2023-01-26 10:34:34'),
(191, 166, 40, 0, 's', '2023-01-26 10:44:19'),
(192, 166, 40, 0, 'x', '2023-01-26 10:47:26'),
(193, 166, 40, 0, 'z', '2023-01-26 10:51:25'),
(194, 148, 40, 0, 'asd', '2023-01-26 10:58:04'),
(195, 148, 61, 0, 'asd', '2023-01-26 00:00:00'),
(196, 148, 40, 0, 'dsa', '2023-01-26 10:58:39'),
(197, 148, 61, 0, 'dsa', '2023-01-26 00:00:00'),
(198, 148, 61, 0, 'asd', '2023-01-26 00:00:00'),
(199, 148, 61, 0, 's', '2023-01-26 00:00:00'),
(200, 148, 61, 0, 's', '2023-01-26 11:02:55'),
(201, 161, 40, 0, 'test', '2023-01-26 11:09:10'),
(202, 148, 40, 0, 'asd', '2023-01-26 17:11:12'),
(208, 144, 61, 0, 's', '2023-01-27 09:45:35'),
(209, 145, 40, 0, 's', '2023-01-27 09:46:49'),
(212, 148, 40, 0, 's', '2023-01-27 09:52:41'),
(213, 147, 40, 0, 's', '2023-01-27 09:53:02'),
(214, 149, 40, 0, 's', '2023-01-27 09:53:46'),
(215, 149, 40, 0, 'asd', '2023-01-27 09:53:48'),
(217, 146, 40, 0, 'asd', '2023-01-27 09:53:59'),
(219, 148, 61, 0, 'z', '2023-01-27 09:56:01'),
(220, 148, 61, 0, 's', '2023-01-27 10:00:46'),
(221, 145, 61, 0, 'asd', '2023-01-27 10:00:54'),
(222, 149, 61, 0, 'dsa', '2023-01-27 10:01:05'),
(223, 149, 61, 0, 'hey', '2023-01-27 10:01:08'),
(224, 149, 40, 0, 'ha', '2023-01-27 10:01:23'),
(225, 145, 40, 0, 'asd', '2023-01-27 10:01:31'),
(239, 176, 40, 0, 'Hello\r\n', '2023-01-27 13:58:58'),
(240, 176, 61, 0, 'hey', '2023-01-27 13:59:02'),
(241, 157, 40, 0, 'u', '2023-01-28 12:16:18'),
(242, 157, 40, 0, 'x', '2023-01-28 12:16:47'),
(243, 157, 40, 0, 'c', '2023-01-28 14:09:41'),
(244, 157, 40, 0, 'a', '2023-01-28 14:21:21'),
(245, 157, 40, 0, 'c', '2023-01-28 14:23:49'),
(246, 157, 40, 0, 'g', '2023-01-28 14:36:50'),
(247, 157, 40, 0, 'x', '2023-01-28 14:37:35'),
(248, 157, 40, 0, '5', '2023-01-28 14:39:47'),
(249, 165, 40, 0, 'n', '2023-01-30 08:33:07'),
(250, 0, 0, 0, '', '2023-01-30 08:36:26'),
(251, 0, 40, 0, 'k', '1000-01-01 00:00:00'),
(252, 165, 40, 0, 'k', '1000-01-01 00:00:00'),
(253, 165, 40, 0, 'k', '1000-01-01 00:00:00'),
(254, 165, 40, 0, 'f', '2023-01-30 09:03:30'),
(255, 165, 40, 0, 'd', '2023-01-30 09:03:36'),
(256, 165, 40, 0, 'd', '2023-01-30 09:03:54'),
(257, 165, 40, 128, 'l', '2023-01-30 09:05:45'),
(258, 165, 40, 1, '', '2023-01-30 09:14:18'),
(259, 165, 40, 1, 'asd', '2023-01-30 09:14:35'),
(260, 165, 40, 1, 'asd', '2023-01-30 09:15:20'),
(261, 165, 40, 1, '', '2023-01-30 09:16:06'),
(262, 165, 40, 129, 'l', '2023-01-30 09:18:01'),
(263, 184, 40, 130, 'test', '2023-01-30 09:19:05'),
(264, 184, 40, 131, '', '2023-01-30 09:19:54'),
(265, 184, 40, 132, '', '2023-01-30 09:20:06'),
(266, 184, 40, 133, '', '2023-01-30 09:22:34'),
(267, 149, 40, 134, '1', '2023-01-30 09:27:19'),
(268, 149, 40, 135, '', '2023-01-30 09:31:25'),
(269, 149, 40, 136, '', '2023-01-30 09:33:03'),
(270, 149, 40, 137, '', '2023-01-30 09:33:25'),
(271, 149, 40, 138, '', '2023-01-30 09:42:18'),
(272, 149, 40, 139, '', '2023-01-30 09:45:16'),
(273, 149, 40, 140, '', '2023-01-30 09:46:13'),
(274, 149, 40, 141, '', '2023-01-30 09:46:37'),
(276, 186, 40, 143, 'asd', '2023-01-30 09:56:13'),
(277, 183, 40, 144, '', '2023-01-30 10:08:41'),
(286, 183, 40, 0, 'asd', '2023-01-30 10:19:53'),
(287, 183, 40, 148, '', '2023-01-30 10:19:57'),
(288, 183, 40, 149, '', '2023-01-30 10:20:06'),
(297, 183, 40, 153, '', '2023-01-30 10:34:14'),
(298, 183, 40, 154, '', '2023-01-30 10:35:35'),
(299, 183, 40, 155, '', '2023-01-30 10:40:56'),
(300, 183, 40, 156, '', '2023-01-30 10:41:33'),
(301, 183, 40, 157, '', '2023-01-30 10:42:07'),
(302, 183, 40, 158, '', '2023-01-30 10:42:22'),
(303, 183, 40, 159, '', '2023-01-30 10:42:33'),
(304, 183, 40, 160, '', '2023-01-30 10:45:33'),
(305, 146, 61, 161, '', '2023-01-30 10:52:19'),
(306, 183, 40, 162, '', '2023-01-30 10:55:49'),
(307, 146, 61, 0, 'a', '2023-01-30 10:58:44'),
(308, 146, 61, 163, '', '2023-01-30 10:58:50'),
(309, 145, 61, 164, 'k', '2023-01-30 11:05:40'),
(310, 145, 40, 165, '', '2023-01-30 11:09:58'),
(311, 145, 40, 166, '', '2023-01-30 11:28:25'),
(312, 145, 40, 167, 'asf', '2023-01-30 11:28:54'),
(313, 145, 40, 168, 'yan', '2023-01-30 11:36:12'),
(314, 187, 40, 169, '', '2023-01-30 11:41:08'),
(315, 191, 61, 170, '', '2023-01-30 11:55:38'),
(316, 195, 61, 0, 's', '2023-01-30 12:49:06'),
(317, 195, 61, 173, '', '2023-01-30 12:49:13'),
(318, 195, 61, 0, 's', '2023-01-30 12:49:19'),
(319, 195, 61, 174, '', '2023-01-30 12:49:23'),
(320, 195, 61, 175, '', '2023-01-30 12:49:43'),
(321, 195, 61, 176, '', '2023-01-30 12:49:49'),
(322, 195, 61, 177, '', '2023-01-30 12:49:55'),
(323, 195, 61, 178, '', '2023-01-30 12:50:31'),
(324, 194, 40, 179, '', '2023-01-30 12:52:02'),
(325, 145, 40, 0, 's', '2023-01-30 12:53:16'),
(326, 144, 61, 0, 'hello', '2023-02-14 09:18:38'),
(327, 144, 61, 0, 'may problema ako', '2023-02-14 09:18:56');

-- --------------------------------------------------------

--
-- Table structure for table `user`
--

CREATE TABLE `user` (
  `user_id` int(11) NOT NULL,
  `first_name` varchar(100) NOT NULL DEFAULT '0',
  `middle_name` varchar(100) NOT NULL DEFAULT '0',
  `last_name` varchar(100) NOT NULL DEFAULT '0',
  `telegram` varchar(11) NOT NULL DEFAULT '0',
  `company_id` int(11) NOT NULL DEFAULT 0,
  `department_id` int(11) NOT NULL DEFAULT 0,
  `username` varchar(50) NOT NULL DEFAULT '0',
  `password` varchar(255) NOT NULL DEFAULT '0',
  `date_created` datetime NOT NULL DEFAULT current_timestamp(),
  `account_type` int(11) NOT NULL DEFAULT 0,
  `approved` varchar(5) NOT NULL DEFAULT '0'
) ENGINE=InnoDB DEFAULT CHARSET=latin1;

--
-- Dumping data for table `user`
--

INSERT INTO `user` (`user_id`, `first_name`, `middle_name`, `last_name`, `telegram`, `company_id`, `department_id`, `username`, `password`, `date_created`, `account_type`, `approved`) VALUES
(40, 'Kenneth', 'B', 'Hontucan', '09123456784', 9, 73, 'admin', 'admin', '2022-12-21 14:08:35', 2, '1'),
(44, 'Albert', 'A', 'Denolan', '09123456789', 10, 72, 'administrator', 'administrator', '2022-12-21 14:23:14', 1, '1'),
(54, 'Justine', 'C', 'Encarnacion', '09123456789', 5, 73, 'we', 'we', '2022-12-23 11:22:08', 1, '1'),
(60, 'Anne', 'G', 'Lika', '09123456789', 5, 73, '2023', '2023', '2022-12-27 09:45:29', 0, '1'),
(61, 'Gem', 'I', 'Lyn', '09123456789', 9, 73, 'user', 'user', '2022-12-27 09:48:43', 0, '1'),
(62, 'Rogelmar', 'D', 'Denopol', '09123456789', 9, 90, 'newadmin', 'newadmin', '2023-01-03 08:17:06', 1, '1'),
(67, 'k', 'k ', 'k', '09123456789', 5, 72, 'k', 'k', '2023-01-13 11:55:18', 0, '1'),
(68, 'k', 'k ', 'k', '09123456789', 9, 73, 'k', 'k', '2023-01-13 11:56:14', 0, '1'),
(69, 'wew', 'wew ', 'wew ', '09123456789', 5, 72, 'wew', 'wew', '2023-01-16 10:53:27', 1, '1'),
(90, 'qwe', 'qwe ', 'qwe', '09123456789', 9, 85, 'ewq', 'ewq', '2023-01-20 12:36:26', 0, '1'),
(92, 'vw', 'vw ', 'vw', '09123456789', 0, 0, 'qwe', 'qwe', '2023-01-20 12:42:08', 0, '0'),
(93, 'Bobby', 'geocada ', 'madrona', '09123456789', 9, 4, 'harurut', 'kakoy', '2023-02-10 14:55:42', 1, '1');

-- --------------------------------------------------------

--
-- Table structure for table `user_access_rights`
--

CREATE TABLE `user_access_rights` (
  `uar_code` int(11) NOT NULL,
  `user_id` int(11) NOT NULL DEFAULT 0,
  `sa_id` int(11) NOT NULL DEFAULT 0,
  `sa_access` int(11) NOT NULL DEFAULT 0,
  `sa_add` int(1) NOT NULL DEFAULT 0,
  `sa_edit` int(1) NOT NULL DEFAULT 0,
  `sa_delete` int(1) NOT NULL DEFAULT 0,
  `sa_view` int(1) NOT NULL DEFAULT 0,
  `sa_print` int(1) NOT NULL DEFAULT 0,
  `sa_upload_doc` int(1) NOT NULL DEFAULT 0,
  `sa_download_doc` int(1) NOT NULL DEFAULT 0,
  `sa_delete_doc` int(1) NOT NULL DEFAULT 0
) ENGINE=InnoDB DEFAULT CHARSET=latin1;

--
-- Dumping data for table `user_access_rights`
--

INSERT INTO `user_access_rights` (`uar_code`, `user_id`, `sa_id`, `sa_access`, `sa_add`, `sa_edit`, `sa_delete`, `sa_view`, `sa_print`, `sa_upload_doc`, `sa_download_doc`, `sa_delete_doc`) VALUES
(1, 31, 1, 1, 1, 1, 1, 1, 1, 1, 1, 1),
(2, 31, 2, 1, 1, 1, 1, 1, 1, 1, 1, 1),
(3, 31, 3, 0, 0, 0, 0, 0, 0, 0, 0, 0),
(47, 31, 4, 0, 0, 0, 0, 0, 0, 0, 0, 0),
(48, 31, 5, 0, 0, 0, 0, 0, 0, 0, 0, 0),
(55, 31, 12, 0, 0, 0, 0, 0, 0, 0, 0, 0),
(59, 31, 7, 0, 0, 0, 0, 0, 0, 0, 0, 0),
(61, 31, 8, 0, 0, 0, 0, 0, 0, 0, 0, 0),
(62, 62, 1, 0, 0, 0, 0, 0, 0, 0, 0, 0),
(63, 62, 2, 0, 0, 0, 0, 0, 0, 0, 0, 0),
(64, 62, 3, 0, 0, 0, 0, 0, 0, 0, 0, 0),
(65, 62, 4, 0, 0, 0, 0, 0, 0, 0, 0, 0),
(66, 62, 5, 0, 0, 0, 0, 0, 0, 0, 0, 0),
(67, 62, 7, 0, 0, 0, 0, 0, 0, 0, 0, 0),
(68, 62, 8, 0, 0, 0, 0, 0, 0, 0, 0, 0),
(69, 62, 12, 0, 0, 0, 0, 0, 0, 0, 0, 0),
(70, 40, 1, 1, 1, 1, 1, 1, 0, 0, 0, 0),
(71, 40, 2, 1, 1, 1, 1, 1, 0, 0, 0, 0),
(72, 40, 3, 1, 1, 1, 1, 1, 0, 0, 0, 0),
(73, 40, 4, 1, 1, 1, 1, 1, 0, 0, 0, 0),
(74, 40, 5, 1, 1, 1, 1, 1, 0, 0, 0, 0),
(75, 40, 7, 1, 1, 1, 1, 1, 0, 0, 0, 0),
(76, 40, 8, 1, 1, 1, 1, 1, 0, 0, 0, 0),
(77, 54, 1, 1, 1, 1, 1, 1, 0, 0, 0, 0),
(78, 54, 2, 0, 0, 0, 0, 0, 0, 0, 0, 0),
(79, 54, 3, 0, 0, 0, 0, 0, 0, 0, 0, 0),
(80, 54, 4, 1, 1, 1, 1, 1, 0, 0, 0, 0),
(81, 54, 5, 1, 1, 1, 1, 1, 0, 0, 0, 0),
(82, 54, 7, 1, 1, 1, 1, 1, 0, 0, 0, 0),
(83, 54, 8, 1, 1, 1, 1, 1, 0, 0, 0, 0),
(84, 44, 1, 0, 1, 1, 1, 1, 0, 0, 0, 0),
(85, 44, 2, 1, 1, 1, 1, 1, 0, 0, 0, 0),
(86, 44, 3, 0, 1, 1, 1, 1, 0, 0, 0, 0),
(87, 44, 4, 1, 1, 1, 1, 1, 0, 0, 0, 0),
(88, 44, 5, 1, 1, 1, 1, 1, 0, 0, 0, 0),
(89, 44, 7, 1, 1, 1, 1, 1, 0, 0, 0, 0),
(90, 44, 8, 1, 1, 1, 1, 1, 0, 0, 0, 0),
(91, 44, 19, 1, 1, 1, 1, 1, 0, 0, 0, 0),
(92, 44, 20, 1, 1, 1, 1, 1, 0, 0, 0, 0),
(93, 40, 19, 1, 1, 1, 0, 1, 0, 0, 0, 0),
(94, 40, 20, 1, 1, 1, 0, 1, 0, 0, 0, 0),
(95, 54, 19, 1, 1, 1, 1, 1, 0, 0, 0, 0),
(96, 54, 20, 1, 1, 1, 1, 1, 0, 0, 0, 0);

--
-- Indexes for dumped tables
--

--
-- Indexes for table `company`
--
ALTER TABLE `company`
  ADD PRIMARY KEY (`company_id`);

--
-- Indexes for table `department`
--
ALTER TABLE `department`
  ADD PRIMARY KEY (`department_id`);

--
-- Indexes for table `device_type`
--
ALTER TABLE `device_type`
  ADD PRIMARY KEY (`device_type_id`);

--
-- Indexes for table `employee`
--
ALTER TABLE `employee`
  ADD PRIMARY KEY (`employee_id`);

--
-- Indexes for table `employee_asset`
--
ALTER TABLE `employee_asset`
  ADD PRIMARY KEY (`employee_asset_id`);

--
-- Indexes for table `it_asset`
--
ALTER TABLE `it_asset`
  ADD PRIMARY KEY (`asset_id`);

--
-- Indexes for table `supplier`
--
ALTER TABLE `supplier`
  ADD PRIMARY KEY (`supplier_id`);

--
-- Indexes for table `system_application`
--
ALTER TABLE `system_application`
  ADD PRIMARY KEY (`sa_id`);

--
-- Indexes for table `tel_external_directory`
--
ALTER TABLE `tel_external_directory`
  ADD PRIMARY KEY (`tel_ex_id`);

--
-- Indexes for table `tel_local_directory`
--
ALTER TABLE `tel_local_directory`
  ADD PRIMARY KEY (`tel_local_id`);

--
-- Indexes for table `ticket`
--
ALTER TABLE `ticket`
  ADD PRIMARY KEY (`ticket_id`);

--
-- Indexes for table `ticket_document`
--
ALTER TABLE `ticket_document`
  ADD PRIMARY KEY (`td_id`);

--
-- Indexes for table `ticket_message`
--
ALTER TABLE `ticket_message`
  ADD PRIMARY KEY (`message_id`);

--
-- Indexes for table `user`
--
ALTER TABLE `user`
  ADD PRIMARY KEY (`user_id`);

--
-- Indexes for table `user_access_rights`
--
ALTER TABLE `user_access_rights`
  ADD PRIMARY KEY (`uar_code`);

--
-- AUTO_INCREMENT for dumped tables
--

--
-- AUTO_INCREMENT for table `company`
--
ALTER TABLE `company`
  MODIFY `company_id` int(11) NOT NULL AUTO_INCREMENT, AUTO_INCREMENT=12;

--
-- AUTO_INCREMENT for table `department`
--
ALTER TABLE `department`
  MODIFY `department_id` int(11) NOT NULL AUTO_INCREMENT, AUTO_INCREMENT=112;

--
-- AUTO_INCREMENT for table `device_type`
--
ALTER TABLE `device_type`
  MODIFY `device_type_id` int(11) NOT NULL AUTO_INCREMENT, AUTO_INCREMENT=158;

--
-- AUTO_INCREMENT for table `employee`
--
ALTER TABLE `employee`
  MODIFY `employee_id` int(11) NOT NULL AUTO_INCREMENT, AUTO_INCREMENT=74;

--
-- AUTO_INCREMENT for table `employee_asset`
--
ALTER TABLE `employee_asset`
  MODIFY `employee_asset_id` int(11) NOT NULL AUTO_INCREMENT, AUTO_INCREMENT=332;

--
-- AUTO_INCREMENT for table `it_asset`
--
ALTER TABLE `it_asset`
  MODIFY `asset_id` int(11) NOT NULL AUTO_INCREMENT, AUTO_INCREMENT=137;

--
-- AUTO_INCREMENT for table `supplier`
--
ALTER TABLE `supplier`
  MODIFY `supplier_id` int(11) NOT NULL AUTO_INCREMENT, AUTO_INCREMENT=52;

--
-- AUTO_INCREMENT for table `system_application`
--
ALTER TABLE `system_application`
  MODIFY `sa_id` int(11) NOT NULL AUTO_INCREMENT, AUTO_INCREMENT=29;

--
-- AUTO_INCREMENT for table `tel_external_directory`
--
ALTER TABLE `tel_external_directory`
  MODIFY `tel_ex_id` int(11) NOT NULL AUTO_INCREMENT, AUTO_INCREMENT=35;

--
-- AUTO_INCREMENT for table `tel_local_directory`
--
ALTER TABLE `tel_local_directory`
  MODIFY `tel_local_id` int(11) NOT NULL AUTO_INCREMENT, AUTO_INCREMENT=35;

--
-- AUTO_INCREMENT for table `ticket_message`
--
ALTER TABLE `ticket_message`
  MODIFY `message_id` int(11) NOT NULL AUTO_INCREMENT, AUTO_INCREMENT=328;

--
-- AUTO_INCREMENT for table `user`
--
ALTER TABLE `user`
  MODIFY `user_id` int(11) NOT NULL AUTO_INCREMENT, AUTO_INCREMENT=95;

--
-- AUTO_INCREMENT for table `user_access_rights`
--
ALTER TABLE `user_access_rights`
  MODIFY `uar_code` int(11) NOT NULL AUTO_INCREMENT, AUTO_INCREMENT=97;
COMMIT;

/*!40101 SET CHARACTER_SET_CLIENT=@OLD_CHARACTER_SET_CLIENT */;
/*!40101 SET CHARACTER_SET_RESULTS=@OLD_CHARACTER_SET_RESULTS */;
/*!40101 SET COLLATION_CONNECTION=@OLD_COLLATION_CONNECTION */;
